feature,feature_group,dtype,missing_count,missing_pct,unique_values,is_constant,proposed_action,recommended_encoding,implemented,justification
id_24,identity,float64,585793,99.1962,12,False,KEEP + IMPUTE,none,False,"High missing (99.20%), impute with median/mode"
id_25,identity,float64,585408,99.131,341,False,KEEP + IMPUTE,none,False,"High missing (99.13%), impute with median/mode"
id_07,identity,float64,585385,99.1271,84,False,KEEP + IMPUTE,none,False,"High missing (99.13%), impute with median/mode"
id_08,identity,float64,585385,99.1271,94,False,KEEP + IMPUTE,none,False,"High missing (99.13%), impute with median/mode"
id_21,identity,float64,585381,99.1264,490,False,KEEP + IMPUTE,none,False,"High missing (99.13%), impute with median/mode"
id_26,identity,float64,585377,99.1257,95,False,KEEP + IMPUTE,none,False,"High missing (99.13%), impute with median/mode"
id_27,identity,object,585371,99.1247,2,False,KEEP + ENCODE,onehot,False,"Categorical feature, ordinal/one-hot encoding"
id_23,identity,object,585371,99.1247,3,False,KEEP + ENCODE,onehot,False,"Categorical feature, ordinal/one-hot encoding"
id_22,identity,float64,585371,99.1247,25,False,KEEP + IMPUTE,none,False,"High missing (99.12%), impute with median/mode"
dist2,distance,float64,552913,93.6284,1751,False,KEEP + IMPUTE,none,False,"High missing (93.63%), impute with median/mode"
D7,time_delta,float64,551623,93.4099,597,False,KEEP + IMPUTE,none,False,"High missing (93.41%), impute with median/mode"
id_18,identity,float64,545427,92.3607,18,False,KEEP + IMPUTE,none,False,"High missing (92.36%), impute with median/mode"
D13,time_delta,float64,528588,89.5093,577,False,KEEP + IMPUTE,none,False,"Moderate missing (89.51%), impute with median/mode"
D14,time_delta,float64,528353,89.4695,802,False,KEEP + IMPUTE,none,False,"Moderate missing (89.47%), impute with median/mode"
D12,time_delta,float64,525823,89.041,635,False,KEEP + IMPUTE,none,False,"Moderate missing (89.04%), impute with median/mode"
id_04,identity,float64,524216,88.7689,15,False,KEEP + IMPUTE,none,False,"Moderate missing (88.77%), impute with median/mode"
id_03,identity,float64,524216,88.7689,24,False,KEEP + IMPUTE,none,False,"Moderate missing (88.77%), impute with median/mode"
D6,time_delta,float64,517353,87.6068,829,False,KEEP + IMPUTE,none,False,"Moderate missing (87.61%), impute with median/mode"
id_33,identity,object,517251,87.5895,260,False,KEEP + ENCODE,frequency,False,"High cardinality (260), frequency/target encoding"
id_09,identity,float64,515614,87.3123,46,False,KEEP + IMPUTE,none,False,"Moderate missing (87.31%), impute with median/mode"
D8,time_delta,float64,515614,87.3123,12353,False,KEEP + IMPUTE,none,False,"Moderate missing (87.31%), impute with median/mode"
id_10,identity,float64,515614,87.3123,62,False,KEEP + IMPUTE,none,False,"Moderate missing (87.31%), impute with median/mode"
D9,time_delta,float64,515614,87.3123,24,False,KEEP + IMPUTE,none,False,"Moderate missing (87.31%), impute with median/mode"
id_30,identity,object,512975,86.8654,75,False,KEEP + ENCODE,ordinal,False,"Categorical feature, ordinal/one-hot encoding"
id_32,identity,float64,512954,86.8619,4,False,KEEP + IMPUTE,none,False,"Moderate missing (86.86%), impute with median/mode"
id_34,identity,object,512735,86.8248,4,False,KEEP + ENCODE,onehot,False,"Categorical feature, ordinal/one-hot encoding"
id_14,identity,float64,510496,86.4456,25,False,KEEP + IMPUTE,none,False,"Moderate missing (86.45%), impute with median/mode"
V138,vesta,float64,508595,86.1237,23,False,KEEP + IMPUTE,none,False,"Moderate missing (86.12%), impute with median/mode"
V139,vesta,float64,508595,86.1237,34,False,KEEP + IMPUTE,none,False,"Moderate missing (86.12%), impute with median/mode"
V148,vesta,float64,508595,86.1237,21,False,KEEP + IMPUTE,none,False,"Moderate missing (86.12%), impute with median/mode"
V154,vesta,float64,508595,86.1237,19,False,KEEP + IMPUTE,none,False,"Moderate missing (86.12%), impute with median/mode"
V162,vesta,float64,508595,86.1237,185,False,KEEP + IMPUTE,none,False,"Moderate missing (86.12%), impute with median/mode"
V141,vesta,float64,508595,86.1237,6,False,KEEP + IMPUTE,none,False,"Moderate missing (86.12%), impute with median/mode"
V157,vesta,float64,508595,86.1237,25,False,KEEP + IMPUTE,none,False,"Moderate missing (86.12%), impute with median/mode"
V146,vesta,float64,508595,86.1237,25,False,KEEP + IMPUTE,none,False,"Moderate missing (86.12%), impute with median/mode"
V163,vesta,float64,508595,86.1237,106,False,KEEP + IMPUTE,none,False,"Moderate missing (86.12%), impute with median/mode"
V155,vesta,float64,508595,86.1237,25,False,KEEP + IMPUTE,none,False,"Moderate missing (86.12%), impute with median/mode"
V142,vesta,float64,508595,86.1237,10,False,KEEP + IMPUTE,none,False,"Moderate missing (86.12%), impute with median/mode"
V161,vesta,float64,508595,86.1237,79,False,KEEP + IMPUTE,none,False,"Moderate missing (86.12%), impute with median/mode"
V158,vesta,float64,508595,86.1237,25,False,KEEP + IMPUTE,none,False,"Moderate missing (86.12%), impute with median/mode"
V156,vesta,float64,508595,86.1237,25,False,KEEP + IMPUTE,none,False,"Moderate missing (86.12%), impute with median/mode"
V140,vesta,float64,508595,86.1237,34,False,KEEP + IMPUTE,none,False,"Moderate missing (86.12%), impute with median/mode"
V149,vesta,float64,508595,86.1237,21,False,KEEP + IMPUTE,none,False,"Moderate missing (86.12%), impute with median/mode"
V147,vesta,float64,508595,86.1237,27,False,KEEP + IMPUTE,none,False,"Moderate missing (86.12%), impute with median/mode"
V153,vesta,float64,508595,86.1237,19,False,KEEP + IMPUTE,none,False,"Moderate missing (86.12%), impute with median/mode"
V159,vesta,float64,508589,86.1227,6663,False,KEEP + IMPUTE,none,False,"Moderate missing (86.12%), impute with median/mode"
V160,vesta,float64,508589,86.1227,9621,False,KEEP + IMPUTE,none,False,"Moderate missing (86.12%), impute with median/mode"
V166,vesta,float64,508589,86.1227,987,False,KEEP + IMPUTE,none,False,"Moderate missing (86.12%), impute with median/mode"
V164,vesta,float64,508589,86.1227,1978,False,KEEP + IMPUTE,none,False,"Moderate missing (86.12%), impute with median/mode"
V165,vesta,float64,508589,86.1227,2547,False,KEEP + IMPUTE,none,False,"Moderate missing (86.12%), impute with median/mode"
V152,vesta,float64,508589,86.1227,39,False,KEEP + IMPUTE,none,False,"Moderate missing (86.12%), impute with median/mode"
V145,vesta,float64,508589,86.1227,260,False,KEEP + IMPUTE,none,False,"Moderate missing (86.12%), impute with median/mode"
V143,vesta,float64,508589,86.1227,870,False,KEEP + IMPUTE,none,False,"Moderate missing (86.12%), impute with median/mode"
V144,vesta,float64,508589,86.1227,63,False,KEEP + IMPUTE,none,False,"Moderate missing (86.12%), impute with median/mode"
V150,vesta,float64,508589,86.1227,1996,False,KEEP + IMPUTE,none,False,"Moderate missing (86.12%), impute with median/mode"
V151,vesta,float64,508589,86.1227,56,False,KEEP + IMPUTE,none,False,"Moderate missing (86.12%), impute with median/mode"
V330,vesta,float64,508189,86.055,56,False,KEEP + IMPUTE,none,False,"Moderate missing (86.05%), impute with median/mode"
V329,vesta,float64,508189,86.055,100,False,KEEP + IMPUTE,none,False,"Moderate missing (86.05%), impute with median/mode"
V336,vesta,float64,508189,86.055,356,False,KEEP + IMPUTE,none,False,"Moderate missing (86.05%), impute with median/mode"
V333,vesta,float64,508189,86.055,1971,False,KEEP + IMPUTE,none,False,"Moderate missing (86.05%), impute with median/mode"
V334,vesta,float64,508189,86.055,143,False,KEEP + IMPUTE,none,False,"Moderate missing (86.05%), impute with median/mode"
V331,vesta,float64,508189,86.055,1758,False,KEEP + IMPUTE,none,False,"Moderate missing (86.05%), impute with median/mode"
V326,vesta,float64,508189,86.055,45,False,KEEP + IMPUTE,none,False,"Moderate missing (86.05%), impute with median/mode"
V325,vesta,float64,508189,86.055,13,False,KEEP + IMPUTE,none,False,"Moderate missing (86.05%), impute with median/mode"
V324,vesta,float64,508189,86.055,976,False,KEEP + IMPUTE,none,False,"Moderate missing (86.05%), impute with median/mode"
V327,vesta,float64,508189,86.055,19,False,KEEP + IMPUTE,none,False,"Moderate missing (86.05%), impute with median/mode"
V323,vesta,float64,508189,86.055,1411,False,KEEP + IMPUTE,none,False,"Moderate missing (86.05%), impute with median/mode"
V322,vesta,float64,508189,86.055,881,False,KEEP + IMPUTE,none,False,"Moderate missing (86.05%), impute with median/mode"
V338,vesta,float64,508189,86.055,380,False,KEEP + IMPUTE,none,False,"Moderate missing (86.05%), impute with median/mode"
V339,vesta,float64,508189,86.055,334,False,KEEP + IMPUTE,none,False,"Moderate missing (86.05%), impute with median/mode"
V335,vesta,float64,508189,86.055,672,False,KEEP + IMPUTE,none,False,"Moderate missing (86.05%), impute with median/mode"
V337,vesta,float64,508189,86.055,254,False,KEEP + IMPUTE,none,False,"Moderate missing (86.05%), impute with median/mode"
V328,vesta,float64,508189,86.055,16,False,KEEP + IMPUTE,none,False,"Moderate missing (86.05%), impute with median/mode"
V332,vesta,float64,508189,86.055,2453,False,KEEP + IMPUTE,none,False,"Moderate missing (86.05%), impute with median/mode"
DeviceInfo,time_delta,object,471874,79.9055,1786,False,ANALYZE,frequency,False,Extract browser/OS information before deciding
id_13,identity,float64,463220,78.4401,54,False,KEEP + IMPUTE,none,False,"Moderate missing (78.44%), impute with median/mode"
id_16,identity,object,461200,78.098,2,False,KEEP + ENCODE,onehot,False,"Categorical feature, ordinal/one-hot encoding"
V249,vesta,float64,460110,77.9134,23,False,KEEP + IMPUTE,none,False,"Moderate missing (77.91%), impute with median/mode"
V277,vesta,float64,460110,77.9134,2540,False,KEEP + IMPUTE,none,False,"Moderate missing (77.91%), impute with median/mode"
V278,vesta,float64,460110,77.9134,2398,False,KEEP + IMPUTE,none,False,"Moderate missing (77.91%), impute with median/mode"
V248,vesta,float64,460110,77.9134,23,False,KEEP + IMPUTE,none,False,"Moderate missing (77.91%), impute with median/mode"
V275,vesta,float64,460110,77.9134,7776,False,KEEP + IMPUTE,none,False,"Moderate missing (77.91%), impute with median/mode"
V276,vesta,float64,460110,77.9134,2263,False,KEEP + IMPUTE,none,False,"Moderate missing (77.91%), impute with median/mode"
V252,vesta,float64,460110,77.9134,25,False,KEEP + IMPUTE,none,False,"Moderate missing (77.91%), impute with median/mode"
V247,vesta,float64,460110,77.9134,19,False,KEEP + IMPUTE,none,False,"Moderate missing (77.91%), impute with median/mode"
V246,vesta,float64,460110,77.9134,46,False,KEEP + IMPUTE,none,False,"Moderate missing (77.91%), impute with median/mode"
V232,vesta,float64,460110,77.9134,338,False,KEEP + IMPUTE,none,False,"Moderate missing (77.91%), impute with median/mode"
V237,vesta,float64,460110,77.9134,40,False,KEEP + IMPUTE,none,False,"Moderate missing (77.91%), impute with median/mode"
V244,vesta,float64,460110,77.9134,23,False,KEEP + IMPUTE,none,False,"Moderate missing (77.91%), impute with median/mode"
V243,vesta,float64,460110,77.9134,43,False,KEEP + IMPUTE,none,False,"Moderate missing (77.91%), impute with median/mode"
V241,vesta,float64,460110,77.9134,5,False,KEEP + IMPUTE,none,False,"Moderate missing (77.91%), impute with median/mode"
V242,vesta,float64,460110,77.9134,21,False,KEEP + IMPUTE,none,False,"Moderate missing (77.91%), impute with median/mode"
V240,vesta,float64,460110,77.9134,6,False,KEEP + IMPUTE,none,False,"Moderate missing (77.91%), impute with median/mode"
V236,vesta,float64,460110,77.9134,46,False,KEEP + IMPUTE,none,False,"Moderate missing (77.91%), impute with median/mode"
V263,vesta,float64,460110,77.9134,10422,False,KEEP + IMPUTE,none,False,"Moderate missing (77.91%), impute with median/mode"
V262,vesta,float64,460110,77.9134,21,False,KEEP + IMPUTE,none,False,"Moderate missing (77.91%), impute with median/mode"
V261,vesta,float64,460110,77.9134,41,False,KEEP + IMPUTE,none,False,"Moderate missing (77.91%), impute with median/mode"
V264,vesta,float64,460110,77.9134,13358,False,KEEP + IMPUTE,none,False,"Moderate missing (77.91%), impute with median/mode"
V267,vesta,float64,460110,77.9134,3616,False,KEEP + IMPUTE,none,False,"Moderate missing (77.91%), impute with median/mode"
V266,vesta,float64,460110,77.9134,2178,False,KEEP + IMPUTE,none,False,"Moderate missing (77.91%), impute with median/mode"
V269,vesta,float64,460110,77.9134,151,False,KEEP + IMPUTE,none,False,"Moderate missing (77.91%), impute with median/mode"
V265,vesta,float64,460110,77.9134,11757,False,KEEP + IMPUTE,none,False,"Moderate missing (77.91%), impute with median/mode"
V268,vesta,float64,460110,77.9134,2756,False,KEEP + IMPUTE,none,False,"Moderate missing (77.91%), impute with median/mode"
V273,vesta,float64,460110,77.9134,7177,False,KEEP + IMPUTE,none,False,"Moderate missing (77.91%), impute with median/mode"
V274,vesta,float64,460110,77.9134,8315,False,KEEP + IMPUTE,none,False,"Moderate missing (77.91%), impute with median/mode"
V254,vesta,float64,460110,77.9134,45,False,KEEP + IMPUTE,none,False,"Moderate missing (77.91%), impute with median/mode"
V260,vesta,float64,460110,77.9134,9,False,KEEP + IMPUTE,none,False,"Moderate missing (77.91%), impute with median/mode"
V253,vesta,float64,460110,77.9134,66,False,KEEP + IMPUTE,none,False,"Moderate missing (77.91%), impute with median/mode"
V257,vesta,float64,460110,77.9134,49,False,KEEP + IMPUTE,none,False,"Moderate missing (77.91%), impute with median/mode"
V258,vesta,float64,460110,77.9134,67,False,KEEP + IMPUTE,none,False,"Moderate missing (77.91%), impute with median/mode"
V218,vesta,float64,460110,77.9134,401,False,KEEP + IMPUTE,none,False,"Moderate missing (77.91%), impute with median/mode"
V217,vesta,float64,460110,77.9134,304,False,KEEP + IMPUTE,none,False,"Moderate missing (77.91%), impute with median/mode"
V219,vesta,float64,460110,77.9134,379,False,KEEP + IMPUTE,none,False,"Moderate missing (77.91%), impute with median/mode"
V223,vesta,float64,460110,77.9134,17,False,KEEP + IMPUTE,none,False,"Moderate missing (77.91%), impute with median/mode"
V226,vesta,float64,460110,77.9134,81,False,KEEP + IMPUTE,none,False,"Moderate missing (77.91%), impute with median/mode"
V225,vesta,float64,460110,77.9134,35,False,KEEP + IMPUTE,none,False,"Moderate missing (77.91%), impute with median/mode"
V224,vesta,float64,460110,77.9134,79,False,KEEP + IMPUTE,none,False,"Moderate missing (77.91%), impute with median/mode"
V231,vesta,float64,460110,77.9134,294,False,KEEP + IMPUTE,none,False,"Moderate missing (77.91%), impute with median/mode"
V228,vesta,float64,460110,77.9134,55,False,KEEP + IMPUTE,none,False,"Moderate missing (77.91%), impute with median/mode"
V229,vesta,float64,460110,77.9134,91,False,KEEP + IMPUTE,none,False,"Moderate missing (77.91%), impute with median/mode"
V233,vesta,float64,460110,77.9134,333,False,KEEP + IMPUTE,none,False,"Moderate missing (77.91%), impute with median/mode"
V235,vesta,float64,460110,77.9134,24,False,KEEP + IMPUTE,none,False,"Moderate missing (77.91%), impute with median/mode"
V230,vesta,float64,460110,77.9134,66,False,KEEP + IMPUTE,none,False,"Moderate missing (77.91%), impute with median/mode"
id_05,identity,float64,453675,76.8238,93,False,KEEP + IMPUTE,none,False,"Moderate missing (76.82%), impute with median/mode"
id_06,identity,float64,453675,76.8238,101,False,KEEP + IMPUTE,none,False,"Moderate missing (76.82%), impute with median/mode"
R_emaildomain,email,object,453249,76.7516,60,False,KEEP + ENCODE,ordinal,False,"Categorical feature, ordinal/one-hot encoding"
id_20,identity,float64,451279,76.418,394,False,KEEP + IMPUTE,none,False,"Moderate missing (76.42%), impute with median/mode"
id_19,identity,float64,451222,76.4084,522,False,KEEP + IMPUTE,none,False,"Moderate missing (76.41%), impute with median/mode"
id_17,identity,float64,451171,76.3997,104,False,KEEP + IMPUTE,none,False,"Moderate missing (76.40%), impute with median/mode"
V213,vesta,float64,450909,76.3554,8317,False,KEEP + IMPUTE,none,False,"Moderate missing (76.36%), impute with median/mode"
V215,vesta,float64,450909,76.3554,2747,False,KEEP + IMPUTE,none,False,"Moderate missing (76.36%), impute with median/mode"
V214,vesta,float64,450909,76.3554,2282,False,KEEP + IMPUTE,none,False,"Moderate missing (76.36%), impute with median/mode"
V206,vesta,float64,450909,76.3554,1780,False,KEEP + IMPUTE,none,False,"Moderate missing (76.36%), impute with median/mode"
V183,vesta,float64,450909,76.3554,42,False,KEEP + IMPUTE,none,False,"Moderate missing (76.36%), impute with median/mode"
V168,vesta,float64,450909,76.3554,965,False,KEEP + IMPUTE,none,False,"Moderate missing (76.36%), impute with median/mode"
V173,vesta,float64,450909,76.3554,8,False,KEEP + IMPUTE,none,False,"Moderate missing (76.36%), impute with median/mode"
V181,vesta,float64,450909,76.3554,25,False,KEEP + IMPUTE,none,False,"Moderate missing (76.36%), impute with median/mode"
V212,vesta,float64,450909,76.3554,8868,False,KEEP + IMPUTE,none,False,"Moderate missing (76.36%), impute with median/mode"
V211,vesta,float64,450909,76.3554,7624,False,KEEP + IMPUTE,none,False,"Moderate missing (76.36%), impute with median/mode"
V205,vesta,float64,450909,76.3554,2240,False,KEEP + IMPUTE,none,False,"Moderate missing (76.36%), impute with median/mode"
V207,vesta,float64,450909,76.3554,3246,False,KEEP + IMPUTE,none,False,"Moderate missing (76.36%), impute with median/mode"
V216,vesta,float64,450909,76.3554,2532,False,KEEP + IMPUTE,none,False,"Moderate missing (76.36%), impute with median/mode"
V167,vesta,float64,450909,76.3554,873,False,KEEP + IMPUTE,none,False,"Moderate missing (76.36%), impute with median/mode"
V182,vesta,float64,450909,76.3554,84,False,KEEP + IMPUTE,none,False,"Moderate missing (76.36%), impute with median/mode"
V193,vesta,float64,450909,76.3554,38,False,KEEP + IMPUTE,none,False,"Moderate missing (76.36%), impute with median/mode"
V192,vesta,float64,450909,76.3554,45,False,KEEP + IMPUTE,none,False,"Moderate missing (76.36%), impute with median/mode"
V187,vesta,float64,450909,76.3554,215,False,KEEP + IMPUTE,none,False,"Moderate missing (76.36%), impute with median/mode"
V204,vesta,float64,450909,76.3554,12858,False,KEEP + IMPUTE,none,False,"Moderate missing (76.36%), impute with median/mode"
V202,vesta,float64,450909,76.3554,10970,False,KEEP + IMPUTE,none,False,"Moderate missing (76.36%), impute with median/mode"
V203,vesta,float64,450909,76.3554,14951,False,KEEP + IMPUTE,none,False,"Moderate missing (76.36%), impute with median/mode"
V199,vesta,float64,450909,76.3554,46,False,KEEP + IMPUTE,none,False,"Moderate missing (76.36%), impute with median/mode"
V196,vesta,float64,450909,76.3554,39,False,KEEP + IMPUTE,none,False,"Moderate missing (76.36%), impute with median/mode"
V186,vesta,float64,450909,76.3554,39,False,KEEP + IMPUTE,none,False,"Moderate missing (76.36%), impute with median/mode"
V179,vesta,float64,450909,76.3554,921,False,KEEP + IMPUTE,none,False,"Moderate missing (76.36%), impute with median/mode"
V177,vesta,float64,450909,76.3554,862,False,KEEP + IMPUTE,none,False,"Moderate missing (76.36%), impute with median/mode"
V178,vesta,float64,450909,76.3554,1236,False,KEEP + IMPUTE,none,False,"Moderate missing (76.36%), impute with median/mode"
V176,vesta,float64,450909,76.3554,49,False,KEEP + IMPUTE,none,False,"Moderate missing (76.36%), impute with median/mode"
V172,vesta,float64,450909,76.3554,32,False,KEEP + IMPUTE,none,False,"Moderate missing (76.36%), impute with median/mode"
V191,vesta,float64,450909,76.3554,22,False,KEEP + IMPUTE,none,False,"Moderate missing (76.36%), impute with median/mode"
V190,vesta,float64,450909,76.3554,43,False,KEEP + IMPUTE,none,False,"Moderate missing (76.36%), impute with median/mode"
V175,vesta,float64,450721,76.3235,15,False,KEEP + IMPUTE,none,False,"Moderate missing (76.32%), impute with median/mode"
V209,vesta,float64,450721,76.3235,3451,False,KEEP + IMPUTE,none,False,"Moderate missing (76.32%), impute with median/mode"
V208,vesta,float64,450721,76.3235,2552,False,KEEP + IMPUTE,none,False,"Moderate missing (76.32%), impute with median/mode"
V169,vesta,float64,450721,76.3235,20,False,KEEP + IMPUTE,none,False,"Moderate missing (76.32%), impute with median/mode"
V180,vesta,float64,450721,76.3235,84,False,KEEP + IMPUTE,none,False,"Moderate missing (76.32%), impute with median/mode"
V174,vesta,float64,450721,76.3235,9,False,KEEP + IMPUTE,none,False,"Moderate missing (76.32%), impute with median/mode"
V184,vesta,float64,450721,76.3235,17,False,KEEP + IMPUTE,none,False,"Moderate missing (76.32%), impute with median/mode"
V185,vesta,float64,450721,76.3235,32,False,KEEP + IMPUTE,none,False,"Moderate missing (76.32%), impute with median/mode"
V189,vesta,float64,450721,76.3235,31,False,KEEP + IMPUTE,none,False,"Moderate missing (76.32%), impute with median/mode"
V171,vesta,float64,450721,76.3235,62,False,KEEP + IMPUTE,none,False,"Moderate missing (76.32%), impute with median/mode"
V170,vesta,float64,450721,76.3235,49,False,KEEP + IMPUTE,none,False,"Moderate missing (76.32%), impute with median/mode"
V200,vesta,float64,450721,76.3235,46,False,KEEP + IMPUTE,none,False,"Moderate missing (76.32%), impute with median/mode"
V201,vesta,float64,450721,76.3235,56,False,KEEP + IMPUTE,none,False,"Moderate missing (76.32%), impute with median/mode"
V210,vesta,float64,450721,76.3235,2836,False,KEEP + IMPUTE,none,False,"Moderate missing (76.32%), impute with median/mode"
V197,vesta,float64,450721,76.3235,15,False,KEEP + IMPUTE,none,False,"Moderate missing (76.32%), impute with median/mode"
V198,vesta,float64,450721,76.3235,22,False,KEEP + IMPUTE,none,False,"Moderate missing (76.32%), impute with median/mode"
V194,vesta,float64,450721,76.3235,8,False,KEEP + IMPUTE,none,False,"Moderate missing (76.32%), impute with median/mode"
V188,vesta,float64,450721,76.3235,31,False,KEEP + IMPUTE,none,False,"Moderate missing (76.32%), impute with median/mode"
V195,vesta,float64,450721,76.3235,17,False,KEEP + IMPUTE,none,False,"Moderate missing (76.32%), impute with median/mode"
id_31,identity,object,450258,76.2451,130,False,ANALYZE,frequency,False,Extract browser/OS information before deciding
DeviceType,time_delta,object,449730,76.1557,2,False,KEEP + ENCODE,ordinal,False,"Categorical feature, ordinal/one-hot encoding"
id_02,identity,float64,449668,76.1452,115655,False,KEEP + IMPUTE,none,False,"Moderate missing (76.15%), impute with median/mode"
id_28,identity,object,449562,76.1273,2,False,KEEP + ENCODE,onehot,False,"Categorical feature, ordinal/one-hot encoding"
id_11,identity,float64,449562,76.1273,365,False,KEEP + IMPUTE,none,False,"Moderate missing (76.13%), impute with median/mode"
id_29,identity,object,449562,76.1273,2,False,KEEP + ENCODE,onehot,False,"Categorical feature, ordinal/one-hot encoding"
id_15,identity,object,449555,76.1261,3,False,KEEP + ENCODE,onehot,False,"Categorical feature, ordinal/one-hot encoding"
id_38,identity,object,449555,76.1261,2,False,KEEP + ENCODE,onehot,False,"Categorical feature, ordinal/one-hot encoding"
id_36,identity,object,449555,76.1261,2,False,KEEP + ENCODE,onehot,False,"Categorical feature, ordinal/one-hot encoding"
id_35,identity,object,449555,76.1261,2,False,KEEP + ENCODE,onehot,False,"Categorical feature, ordinal/one-hot encoding"
id_37,identity,object,449555,76.1261,2,False,KEEP + ENCODE,onehot,False,"Categorical feature, ordinal/one-hot encoding"
V251,vesta,float64,449124,76.0531,19,False,KEEP + IMPUTE,none,False,"Moderate missing (76.05%), impute with median/mode"
V250,vesta,float64,449124,76.0531,19,False,KEEP + IMPUTE,none,False,"Moderate missing (76.05%), impute with median/mode"
V255,vesta,float64,449124,76.0531,46,False,KEEP + IMPUTE,none,False,"Moderate missing (76.05%), impute with median/mode"
V256,vesta,float64,449124,76.0531,48,False,KEEP + IMPUTE,none,False,"Moderate missing (76.05%), impute with median/mode"
V259,vesta,float64,449124,76.0531,68,False,KEEP + IMPUTE,none,False,"Moderate missing (76.05%), impute with median/mode"
V272,vesta,float64,449124,76.0531,2507,False,KEEP + IMPUTE,none,False,"Moderate missing (76.05%), impute with median/mode"
V271,vesta,float64,449124,76.0531,2787,False,KEEP + IMPUTE,none,False,"Moderate missing (76.05%), impute with median/mode"
V270,vesta,float64,449124,76.0531,2340,False,KEEP + IMPUTE,none,False,"Moderate missing (76.05%), impute with median/mode"
V234,vesta,float64,449124,76.0531,122,False,KEEP + IMPUTE,none,False,"Moderate missing (76.05%), impute with median/mode"
V239,vesta,float64,449124,76.0531,24,False,KEEP + IMPUTE,none,False,"Moderate missing (76.05%), impute with median/mode"
V238,vesta,float64,449124,76.0531,24,False,KEEP + IMPUTE,none,False,"Moderate missing (76.05%), impute with median/mode"
V245,vesta,float64,449124,76.0531,58,False,KEEP + IMPUTE,none,False,"Moderate missing (76.05%), impute with median/mode"
V227,vesta,float64,449124,76.0531,50,False,KEEP + IMPUTE,none,False,"Moderate missing (76.05%), impute with median/mode"
V220,vesta,float64,449124,76.0531,26,False,KEEP + IMPUTE,none,False,"Moderate missing (76.05%), impute with median/mode"
V222,vesta,float64,449124,76.0531,76,False,KEEP + IMPUTE,none,False,"Moderate missing (76.05%), impute with median/mode"
V221,vesta,float64,449124,76.0531,77,False,KEEP + IMPUTE,none,False,"Moderate missing (76.05%), impute with median/mode"
id_12,identity,object,446307,75.5761,2,False,KEEP + ENCODE,onehot,False,"Categorical feature, ordinal/one-hot encoding"
id_01,identity,float64,446307,75.5761,77,False,KEEP + IMPUTE,none,False,"Moderate missing (75.58%), impute with median/mode"
dist1,distance,float64,352271,59.6524,2651,False,KEEP + IMPUTE,none,False,"Moderate missing (59.65%), impute with median/mode"
M5,binary_flag,object,350482,59.3494,2,False,KEEP + ENCODE,onehot,False,"Categorical feature, ordinal/one-hot encoding"
M7,binary_flag,object,346265,58.6353,2,False,KEEP + ENCODE,onehot,False,"Categorical feature, ordinal/one-hot encoding"
M9,binary_flag,object,346252,58.6331,2,False,KEEP + ENCODE,onehot,False,"Categorical feature, ordinal/one-hot encoding"
M8,binary_flag,object,346252,58.6331,2,False,KEEP + ENCODE,onehot,False,"Categorical feature, ordinal/one-hot encoding"
D5,time_delta,float64,309841,52.4674,688,False,KEEP + IMPUTE,none,False,"Moderate missing (52.47%), impute with median/mode"
M4,binary_flag,object,281444,47.6588,3,False,KEEP + ENCODE,onehot,False,"Categorical feature, ordinal/one-hot encoding"
D2,time_delta,float64,280797,47.5492,641,False,KEEP,none,False,"Low missing (47.55%), minimal preprocessing"
V11,vesta,float64,279287,47.2935,6,False,KEEP,none,False,"Low missing (47.29%), minimal preprocessing"
V3,vesta,float64,279287,47.2935,10,False,KEEP,none,False,"Low missing (47.29%), minimal preprocessing"
V4,vesta,float64,279287,47.2935,7,False,KEEP,none,False,"Low missing (47.29%), minimal preprocessing"
V6,vesta,float64,279287,47.2935,10,False,KEEP,none,False,"Low missing (47.29%), minimal preprocessing"
V5,vesta,float64,279287,47.2935,7,False,KEEP,none,False,"Low missing (47.29%), minimal preprocessing"
V10,vesta,float64,279287,47.2935,5,False,KEEP,none,False,"Low missing (47.29%), minimal preprocessing"
V1,vesta,float64,279287,47.2935,2,False,KEEP,none,False,"Low missing (47.29%), minimal preprocessing"
V9,vesta,float64,279287,47.2935,9,False,KEEP,none,False,"Low missing (47.29%), minimal preprocessing"
V8,vesta,float64,279287,47.2935,9,False,KEEP,none,False,"Low missing (47.29%), minimal preprocessing"
V2,vesta,float64,279287,47.2935,9,False,KEEP,none,False,"Low missing (47.29%), minimal preprocessing"
V7,vesta,float64,279287,47.2935,10,False,KEEP,none,False,"Low missing (47.29%), minimal preprocessing"
D11,time_delta,float64,279287,47.2935,676,False,KEEP,none,False,"Low missing (47.29%), minimal preprocessing"
M1,binary_flag,object,271100,45.9071,2,False,KEEP + ENCODE,onehot,False,"Categorical feature, ordinal/one-hot encoding"
M3,binary_flag,object,271100,45.9071,2,False,KEEP + ENCODE,onehot,False,"Categorical feature, ordinal/one-hot encoding"
M2,binary_flag,object,271100,45.9071,2,False,KEEP + ENCODE,onehot,False,"Categorical feature, ordinal/one-hot encoding"
D3,time_delta,float64,262878,44.5149,649,False,KEEP,none,False,"Low missing (44.51%), minimal preprocessing"
M6,binary_flag,object,169360,28.6788,2,False,KEEP + ENCODE,onehot,False,"Categorical feature, ordinal/one-hot encoding"
V52,vesta,float64,168969,28.6126,9,False,KEEP,none,False,"Low missing (28.61%), minimal preprocessing"
V49,vesta,float64,168969,28.6126,6,False,KEEP,none,False,"Low missing (28.61%), minimal preprocessing"
V48,vesta,float64,168969,28.6126,6,False,KEEP,none,False,"Low missing (28.61%), minimal preprocessing"
V45,vesta,float64,168969,28.6126,49,False,KEEP,none,False,"Low missing (28.61%), minimal preprocessing"
V43,vesta,float64,168969,28.6126,9,False,KEEP,none,False,"Low missing (28.61%), minimal preprocessing"
V50,vesta,float64,168969,28.6126,6,False,KEEP,none,False,"Low missing (28.61%), minimal preprocessing"
V47,vesta,float64,168969,28.6126,9,False,KEEP,none,False,"Low missing (28.61%), minimal preprocessing"
V46,vesta,float64,168969,28.6126,7,False,KEEP,none,False,"Low missing (28.61%), minimal preprocessing"
V44,vesta,float64,168969,28.6126,49,False,KEEP,none,False,"Low missing (28.61%), minimal preprocessing"
V51,vesta,float64,168969,28.6126,7,False,KEEP,none,False,"Low missing (28.61%), minimal preprocessing"
V35,vesta,float64,168969,28.6126,4,False,KEEP,none,False,"Low missing (28.61%), minimal preprocessing"
V37,vesta,float64,168969,28.6126,55,False,KEEP,none,False,"Low missing (28.61%), minimal preprocessing"
V36,vesta,float64,168969,28.6126,6,False,KEEP,none,False,"Low missing (28.61%), minimal preprocessing"
V42,vesta,float64,168969,28.6126,9,False,KEEP,none,False,"Low missing (28.61%), minimal preprocessing"
V39,vesta,float64,168969,28.6126,16,False,KEEP,none,False,"Low missing (28.61%), minimal preprocessing"
V41,vesta,float64,168969,28.6126,2,False,KEEP,none,False,"Low missing (28.61%), minimal preprocessing"
V38,vesta,float64,168969,28.6126,55,False,KEEP,none,False,"Low missing (28.61%), minimal preprocessing"
V40,vesta,float64,168969,28.6126,18,False,KEEP,none,False,"Low missing (28.61%), minimal preprocessing"
D4,time_delta,float64,168922,28.6047,808,False,KEEP,none,False,"Low missing (28.60%), minimal preprocessing"
P_emaildomain,email,object,94456,15.9949,59,False,KEEP + ENCODE,ordinal,False,"Categorical feature, ordinal/one-hot encoding"
V81,vesta,float64,89164,15.0987,20,False,KEEP,none,False,"Low missing (15.10%), minimal preprocessing"
V90,vesta,float64,89164,15.0987,6,False,KEEP,none,False,"Low missing (15.10%), minimal preprocessing"
V78,vesta,float64,89164,15.0987,32,False,KEEP,none,False,"Low missing (15.10%), minimal preprocessing"
V75,vesta,float64,89164,15.0987,5,False,KEEP,none,False,"Low missing (15.10%), minimal preprocessing"
V82,vesta,float64,89164,15.0987,8,False,KEEP,none,False,"Low missing (15.10%), minimal preprocessing"
V94,vesta,float64,89164,15.0987,3,False,KEEP,none,False,"Low missing (15.10%), minimal preprocessing"
V83,vesta,float64,89164,15.0987,8,False,KEEP,none,False,"Low missing (15.10%), minimal preprocessing"
V84,vesta,float64,89164,15.0987,8,False,KEEP,none,False,"Low missing (15.10%), minimal preprocessing"
V85,vesta,float64,89164,15.0987,8,False,KEEP,none,False,"Low missing (15.10%), minimal preprocessing"
V86,vesta,float64,89164,15.0987,31,False,KEEP,none,False,"Low missing (15.10%), minimal preprocessing"
V92,vesta,float64,89164,15.0987,8,False,KEEP,none,False,"Low missing (15.10%), minimal preprocessing"
V93,vesta,float64,89164,15.0987,8,False,KEEP,none,False,"Low missing (15.10%), minimal preprocessing"
V77,vesta,float64,89164,15.0987,31,False,KEEP,none,False,"Low missing (15.10%), minimal preprocessing"
V87,vesta,float64,89164,15.0987,31,False,KEEP,none,False,"Low missing (15.10%), minimal preprocessing"
V76,vesta,float64,89164,15.0987,7,False,KEEP,none,False,"Low missing (15.10%), minimal preprocessing"
V79,vesta,float64,89164,15.0987,8,False,KEEP,none,False,"Low missing (15.10%), minimal preprocessing"
V80,vesta,float64,89164,15.0987,20,False,KEEP,none,False,"Low missing (15.10%), minimal preprocessing"
V91,vesta,float64,89164,15.0987,7,False,KEEP,none,False,"Low missing (15.10%), minimal preprocessing"
V89,vesta,float64,89164,15.0987,3,False,KEEP,none,False,"Low missing (15.10%), minimal preprocessing"
V88,vesta,float64,89164,15.0987,2,False,KEEP,none,False,"Low missing (15.10%), minimal preprocessing"
D15,time_delta,float64,89113,15.0901,859,False,KEEP,none,False,"Low missing (15.09%), minimal preprocessing"
V67,vesta,float64,77096,13.0552,9,False,KEEP,none,False,"Low missing (13.06%), minimal preprocessing"
V68,vesta,float64,77096,13.0552,3,False,KEEP,none,False,"Low missing (13.06%), minimal preprocessing"
V71,vesta,float64,77096,13.0552,7,False,KEEP,none,False,"Low missing (13.06%), minimal preprocessing"
V70,vesta,float64,77096,13.0552,7,False,KEEP,none,False,"Low missing (13.06%), minimal preprocessing"
V69,vesta,float64,77096,13.0552,6,False,KEEP,none,False,"Low missing (13.06%), minimal preprocessing"
V60,vesta,float64,77096,13.0552,17,False,KEEP,none,False,"Low missing (13.06%), minimal preprocessing"
V59,vesta,float64,77096,13.0552,17,False,KEEP,none,False,"Low missing (13.06%), minimal preprocessing"
V66,vesta,float64,77096,13.0552,8,False,KEEP,none,False,"Low missing (13.06%), minimal preprocessing"
V74,vesta,float64,77096,13.0552,9,False,KEEP,none,False,"Low missing (13.06%), minimal preprocessing"
V65,vesta,float64,77096,13.0552,2,False,KEEP,none,False,"Low missing (13.06%), minimal preprocessing"
V63,vesta,float64,77096,13.0552,8,False,KEEP,none,False,"Low missing (13.06%), minimal preprocessing"
V62,vesta,float64,77096,13.0552,11,False,KEEP,none,False,"Low missing (13.06%), minimal preprocessing"
V61,vesta,float64,77096,13.0552,7,False,KEEP,none,False,"Low missing (13.06%), minimal preprocessing"
V64,vesta,float64,77096,13.0552,8,False,KEEP,none,False,"Low missing (13.06%), minimal preprocessing"
V72,vesta,float64,77096,13.0552,11,False,KEEP,none,False,"Low missing (13.06%), minimal preprocessing"
V73,vesta,float64,77096,13.0552,8,False,KEEP,none,False,"Low missing (13.06%), minimal preprocessing"
V54,vesta,float64,77096,13.0552,7,False,KEEP,none,False,"Low missing (13.06%), minimal preprocessing"
V56,vesta,float64,77096,13.0552,52,False,KEEP,none,False,"Low missing (13.06%), minimal preprocessing"
V58,vesta,float64,77096,13.0552,11,False,KEEP,none,False,"Low missing (13.06%), minimal preprocessing"
V55,vesta,float64,77096,13.0552,18,False,KEEP,none,False,"Low missing (13.06%), minimal preprocessing"
V53,vesta,float64,77096,13.0552,6,False,KEEP,none,False,"Low missing (13.06%), minimal preprocessing"
V57,vesta,float64,77096,13.0552,7,False,KEEP,none,False,"Low missing (13.06%), minimal preprocessing"
V22,vesta,float64,76073,12.8819,9,False,KEEP,none,False,"Low missing (12.88%), minimal preprocessing"
V20,vesta,float64,76073,12.8819,15,False,KEEP,none,False,"Low missing (12.88%), minimal preprocessing"
V21,vesta,float64,76073,12.8819,6,False,KEEP,none,False,"Low missing (12.88%), minimal preprocessing"
V27,vesta,float64,76073,12.8819,4,False,KEEP,none,False,"Low missing (12.88%), minimal preprocessing"
V28,vesta,float64,76073,12.8819,4,False,KEEP,none,False,"Low missing (12.88%), minimal preprocessing"
V29,vesta,float64,76073,12.8819,6,False,KEEP,none,False,"Low missing (12.88%), minimal preprocessing"
V32,vesta,float64,76073,12.8819,15,False,KEEP,none,False,"Low missing (12.88%), minimal preprocessing"
V31,vesta,float64,76073,12.8819,8,False,KEEP,none,False,"Low missing (12.88%), minimal preprocessing"
V19,vesta,float64,76073,12.8819,8,False,KEEP,none,False,"Low missing (12.88%), minimal preprocessing"
V18,vesta,float64,76073,12.8819,16,False,KEEP,none,False,"Low missing (12.88%), minimal preprocessing"
V25,vesta,float64,76073,12.8819,7,False,KEEP,none,False,"Low missing (12.88%), minimal preprocessing"
V24,vesta,float64,76073,12.8819,14,False,KEEP,none,False,"Low missing (12.88%), minimal preprocessing"
V23,vesta,float64,76073,12.8819,14,False,KEEP,none,False,"Low missing (12.88%), minimal preprocessing"
V26,vesta,float64,76073,12.8819,13,False,KEEP,none,False,"Low missing (12.88%), minimal preprocessing"
V14,vesta,float64,76073,12.8819,2,False,KEEP,none,False,"Low missing (12.88%), minimal preprocessing"
V15,vesta,float64,76073,12.8819,8,False,KEEP,none,False,"Low missing (12.88%), minimal preprocessing"
V16,vesta,float64,76073,12.8819,15,False,KEEP,none,False,"Low missing (12.88%), minimal preprocessing"
V30,vesta,float64,76073,12.8819,8,False,KEEP,none,False,"Low missing (12.88%), minimal preprocessing"
V33,vesta,float64,76073,12.8819,7,False,KEEP,none,False,"Low missing (12.88%), minimal preprocessing"
V34,vesta,float64,76073,12.8819,13,False,KEEP,none,False,"Low missing (12.88%), minimal preprocessing"
V12,vesta,float64,76073,12.8819,4,False,KEEP,none,False,"Low missing (12.88%), minimal preprocessing"
V13,vesta,float64,76073,12.8819,7,False,KEEP,none,False,"Low missing (12.88%), minimal preprocessing"
V17,vesta,float64,76073,12.8819,16,False,KEEP,none,False,"Low missing (12.88%), minimal preprocessing"
D10,time_delta,float64,76022,12.8733,818,False,KEEP,none,False,"Low missing (12.87%), minimal preprocessing"
addr2,address,float64,65706,11.1264,74,False,KEEP,none,False,"Low missing (11.13%), minimal preprocessing"
addr1,address,float64,65706,11.1264,332,False,KEEP,none,False,"Low missing (11.13%), minimal preprocessing"
card2,card,float64,8933,1.5127,500,False,KEEP,none,False,"Low missing (1.51%), minimal preprocessing"
card5,card,float64,4259,0.7212,119,False,KEEP,none,False,"Low missing (0.72%), minimal preprocessing"
card4,card,object,1577,0.267,4,False,KEEP + ENCODE,onehot,False,"Categorical feature, ordinal/one-hot encoding"
card6,card,object,1571,0.266,4,False,KEEP + ENCODE,onehot,False,"Categorical feature, ordinal/one-hot encoding"
card3,card,float64,1565,0.265,114,False,KEEP,none,False,"Low missing (0.27%), minimal preprocessing"
V282,vesta,float64,1269,0.2149,33,False,KEEP,none,False,"Low missing (0.21%), minimal preprocessing"
V281,vesta,float64,1269,0.2149,23,False,KEEP,none,False,"Low missing (0.21%), minimal preprocessing"
V283,vesta,float64,1269,0.2149,62,False,KEEP,none,False,"Low missing (0.21%), minimal preprocessing"
V289,vesta,float64,1269,0.2149,13,False,KEEP,none,False,"Low missing (0.21%), minimal preprocessing"
V288,vesta,float64,1269,0.2149,11,False,KEEP,none,False,"Low missing (0.21%), minimal preprocessing"
V301,vesta,float64,1269,0.2149,14,False,KEEP,none,False,"Low missing (0.21%), minimal preprocessing"
V296,vesta,float64,1269,0.2149,94,False,KEEP,none,False,"Low missing (0.21%), minimal preprocessing"
V314,vesta,float64,1269,0.2149,11377,False,KEEP,none,False,"Low missing (0.21%), minimal preprocessing"
V315,vesta,float64,1269,0.2149,6973,False,KEEP,none,False,"Low missing (0.21%), minimal preprocessing"
V313,vesta,float64,1269,0.2149,5529,False,KEEP,none,False,"Low missing (0.21%), minimal preprocessing"
V300,vesta,float64,1269,0.2149,12,False,KEEP,none,False,"Low missing (0.21%), minimal preprocessing"
D1,time_delta,float64,1269,0.2149,641,False,KEEP,none,False,"Low missing (0.21%), minimal preprocessing"
V107,vesta,float64,314,0.0532,2,False,KEEP,none,False,"Low missing (0.05%), minimal preprocessing"
V108,vesta,float64,314,0.0532,8,False,KEEP,none,False,"Low missing (0.05%), minimal preprocessing"
V109,vesta,float64,314,0.0532,8,False,KEEP,none,False,"Low missing (0.05%), minimal preprocessing"
V133,vesta,float64,314,0.0532,9949,False,KEEP,none,False,"Low missing (0.05%), minimal preprocessing"
V130,vesta,float64,314,0.0532,12332,False,KEEP,none,False,"Low missing (0.05%), minimal preprocessing"
V131,vesta,float64,314,0.0532,4444,False,KEEP,none,False,"Low missing (0.05%), minimal preprocessing"
V132,vesta,float64,314,0.0532,6560,False,KEEP,none,False,"Low missing (0.05%), minimal preprocessing"
V137,vesta,float64,314,0.0532,4252,False,KEEP,none,False,"Low missing (0.05%), minimal preprocessing"
V125,vesta,float64,314,0.0532,14,False,KEEP,none,False,"Low missing (0.05%), minimal preprocessing"
V123,vesta,float64,314,0.0532,14,False,KEEP,none,False,"Low missing (0.05%), minimal preprocessing"
V124,vesta,float64,314,0.0532,14,False,KEEP,none,False,"Low missing (0.05%), minimal preprocessing"
V127,vesta,float64,314,0.0532,24414,False,KEEP,none,False,"Low missing (0.05%), minimal preprocessing"
V126,vesta,float64,314,0.0532,10299,False,KEEP,none,False,"Low missing (0.05%), minimal preprocessing"
V128,vesta,float64,314,0.0532,14507,False,KEEP,none,False,"Low missing (0.05%), minimal preprocessing"
V129,vesta,float64,314,0.0532,1968,False,KEEP,none,False,"Low missing (0.05%), minimal preprocessing"
V110,vesta,float64,314,0.0532,8,False,KEEP,none,False,"Low missing (0.05%), minimal preprocessing"
V100,vesta,float64,314,0.0532,29,False,KEEP,none,False,"Low missing (0.05%), minimal preprocessing"
V99,vesta,float64,314,0.0532,89,False,KEEP,none,False,"Low missing (0.05%), minimal preprocessing"
V102,vesta,float64,314,0.0532,1285,False,KEEP,none,False,"Low missing (0.05%), minimal preprocessing"
V106,vesta,float64,314,0.0532,56,False,KEEP,none,False,"Low missing (0.05%), minimal preprocessing"
V134,vesta,float64,314,0.0532,8178,False,KEEP,none,False,"Low missing (0.05%), minimal preprocessing"
V135,vesta,float64,314,0.0532,3724,False,KEEP,none,False,"Low missing (0.05%), minimal preprocessing"
V136,vesta,float64,314,0.0532,4852,False,KEEP,none,False,"Low missing (0.05%), minimal preprocessing"
V112,vesta,float64,314,0.0532,10,False,KEEP,none,False,"Low missing (0.05%), minimal preprocessing"
V111,vesta,float64,314,0.0532,10,False,KEEP,none,False,"Low missing (0.05%), minimal preprocessing"
V113,vesta,float64,314,0.0532,10,False,KEEP,none,False,"Low missing (0.05%), minimal preprocessing"
V121,vesta,float64,314,0.0532,4,False,KEEP,none,False,"Low missing (0.05%), minimal preprocessing"
V114,vesta,float64,314,0.0532,7,False,KEEP,none,False,"Low missing (0.05%), minimal preprocessing"
V115,vesta,float64,314,0.0532,7,False,KEEP,none,False,"Low missing (0.05%), minimal preprocessing"
V116,vesta,float64,314,0.0532,7,False,KEEP,none,False,"Low missing (0.05%), minimal preprocessing"
V117,vesta,float64,314,0.0532,4,False,KEEP,none,False,"Low missing (0.05%), minimal preprocessing"
V101,vesta,float64,314,0.0532,870,False,KEEP,none,False,"Low missing (0.05%), minimal preprocessing"
V104,vesta,float64,314,0.0532,16,False,KEEP,none,False,"Low missing (0.05%), minimal preprocessing"
V103,vesta,float64,314,0.0532,928,False,KEEP,none,False,"Low missing (0.05%), minimal preprocessing"
V122,vesta,float64,314,0.0532,4,False,KEEP,none,False,"Low missing (0.05%), minimal preprocessing"
V118,vesta,float64,314,0.0532,4,False,KEEP,none,False,"Low missing (0.05%), minimal preprocessing"
V97,vesta,float64,314,0.0532,976,False,KEEP,none,False,"Low missing (0.05%), minimal preprocessing"
V95,vesta,float64,314,0.0532,881,False,KEEP,none,False,"Low missing (0.05%), minimal preprocessing"
V96,vesta,float64,314,0.0532,1410,False,KEEP,none,False,"Low missing (0.05%), minimal preprocessing"
V105,vesta,float64,314,0.0532,100,False,KEEP,none,False,"Low missing (0.05%), minimal preprocessing"
V119,vesta,float64,314,0.0532,4,False,KEEP,none,False,"Low missing (0.05%), minimal preprocessing"
V120,vesta,float64,314,0.0532,4,False,KEEP,none,False,"Low missing (0.05%), minimal preprocessing"
V98,vesta,float64,314,0.0532,13,False,KEEP,none,False,"Low missing (0.05%), minimal preprocessing"
V306,vesta,float64,12,0.002,16210,False,KEEP,none,False,"Low missing (0.00%), minimal preprocessing"
V320,vesta,float64,12,0.002,6439,False,KEEP,none,False,"Low missing (0.00%), minimal preprocessing"
V319,vesta,float64,12,0.002,4799,False,KEEP,none,False,"Low missing (0.00%), minimal preprocessing"
V318,vesta,float64,12,0.002,12309,False,KEEP,none,False,"Low missing (0.00%), minimal preprocessing"
V321,vesta,float64,12,0.002,5560,False,KEEP,none,False,"Low missing (0.00%), minimal preprocessing"
V298,vesta,float64,12,0.002,94,False,KEEP,none,False,"Low missing (0.00%), minimal preprocessing"
V295,vesta,float64,12,0.002,928,False,KEEP,none,False,"Low missing (0.00%), minimal preprocessing"
V299,vesta,float64,12,0.002,50,False,KEEP,none,False,"Low missing (0.00%), minimal preprocessing"
V294,vesta,float64,12,0.002,1286,False,KEEP,none,False,"Low missing (0.00%), minimal preprocessing"
V291,vesta,float64,12,0.002,219,False,KEEP,none,False,"Low missing (0.00%), minimal preprocessing"
V292,vesta,float64,12,0.002,173,False,KEEP,none,False,"Low missing (0.00%), minimal preprocessing"
V297,vesta,float64,12,0.002,13,False,KEEP,none,False,"Low missing (0.00%), minimal preprocessing"
V286,vesta,float64,12,0.002,9,False,KEEP,none,False,"Low missing (0.00%), minimal preprocessing"
V287,vesta,float64,12,0.002,32,False,KEEP,none,False,"Low missing (0.00%), minimal preprocessing"
V290,vesta,float64,12,0.002,58,False,KEEP,none,False,"Low missing (0.00%), minimal preprocessing"
V285,vesta,float64,12,0.002,96,False,KEEP,none,False,"Low missing (0.00%), minimal preprocessing"
V280,vesta,float64,12,0.002,975,False,KEEP,none,False,"Low missing (0.00%), minimal preprocessing"
V279,vesta,float64,12,0.002,881,False,KEEP,none,False,"Low missing (0.00%), minimal preprocessing"
V284,vesta,float64,12,0.002,13,False,KEEP,none,False,"Low missing (0.00%), minimal preprocessing"
V293,vesta,float64,12,0.002,870,False,KEEP,none,False,"Low missing (0.00%), minimal preprocessing"
V302,vesta,float64,12,0.002,17,False,KEEP,none,False,"Low missing (0.00%), minimal preprocessing"
V308,vesta,float64,12,0.002,23064,False,KEEP,none,False,"Low missing (0.00%), minimal preprocessing"
V307,vesta,float64,12,0.002,37367,False,KEEP,none,False,"Low missing (0.00%), minimal preprocessing"
V310,vesta,float64,12,0.002,19136,False,KEEP,none,False,"Low missing (0.00%), minimal preprocessing"
V312,vesta,float64,12,0.002,8068,False,KEEP,none,False,"Low missing (0.00%), minimal preprocessing"
V303,vesta,float64,12,0.002,21,False,KEEP,none,False,"Low missing (0.00%), minimal preprocessing"
V304,vesta,float64,12,0.002,17,False,KEEP,none,False,"Low missing (0.00%), minimal preprocessing"
V305,vesta,float64,12,0.002,2,False,KEEP,none,False,"Low missing (0.00%), minimal preprocessing"
V309,vesta,float64,12,0.002,4236,False,KEEP,none,False,"Low missing (0.00%), minimal preprocessing"
V311,vesta,float64,12,0.002,3098,False,KEEP,none,False,"Low missing (0.00%), minimal preprocessing"
V316,vesta,float64,12,0.002,9814,False,KEEP,none,False,"Low missing (0.00%), minimal preprocessing"
V317,vesta,float64,12,0.002,15184,False,KEEP,none,False,"Low missing (0.00%), minimal preprocessing"
card1,card,int64,0,0.0,13553,False,KEEP,none,False,"Low missing (0.00%), minimal preprocessing"
TransactionAmt,transaction,float64,0,0.0,20902,False,KEEP + TRANSFORM,none,False,Keep original + create log1p(TransactionAmt)
TransactionDT,transaction,int64,0,0.0,573349,False,ENGINEER,none,False,Convert to elapsed time features
isFraud,target,int64,0,0.0,2,False,KEEP,none,False,Target variable
ProductCD,product,object,0,0.0,5,False,KEEP + ENCODE,onehot,False,"Categorical feature, ordinal/one-hot encoding"
C1,count,float64,0,0.0,1657,False,KEEP,none,False,"Low missing (0.00%), minimal preprocessing"
C2,count,float64,0,0.0,1216,False,KEEP,none,False,"Low missing (0.00%), minimal preprocessing"
C3,count,float64,0,0.0,27,False,KEEP,none,False,"Low missing (0.00%), minimal preprocessing"
C7,count,float64,0,0.0,1103,False,KEEP,none,False,"Low missing (0.00%), minimal preprocessing"
C4,count,float64,0,0.0,1260,False,KEEP,none,False,"Low missing (0.00%), minimal preprocessing"
C5,count,float64,0,0.0,319,False,KEEP,none,False,"Low missing (0.00%), minimal preprocessing"
C6,count,float64,0,0.0,1328,False,KEEP,none,False,"Low missing (0.00%), minimal preprocessing"
C10,count,float64,0,0.0,1231,False,KEEP,none,False,"Low missing (0.00%), minimal preprocessing"
C9,count,float64,0,0.0,205,False,KEEP,none,False,"Low missing (0.00%), minimal preprocessing"
C8,count,float64,0,0.0,1253,False,KEEP,none,False,"Low missing (0.00%), minimal preprocessing"
C11,count,float64,0,0.0,1476,False,KEEP,none,False,"Low missing (0.00%), minimal preprocessing"
C14,count,float64,0,0.0,1108,False,KEEP,none,False,"Low missing (0.00%), minimal preprocessing"
C13,count,float64,0,0.0,1597,False,KEEP,none,False,"Low missing (0.00%), minimal preprocessing"
C12,count,float64,0,0.0,1199,False,KEEP,none,False,"Low missing (0.00%), minimal preprocessing"
TransactionID,identifier,int64,0,0.0,590540,False,DROP,none,False,"Identifier column, not predictive"
